{
	"format_version": "1.8.0",
	"animations": {
		"brass_bell_1.swing": {
			"animation_length": 3.5,
			"override_previous_animation": true,
			"bones": {
				"bell": {
					"rotation": {
						"0.0": {
							"vector": [0, 0, 0]
						},
						"0.0417": [4.22499, 0, 0],
						"0.0833": [8.40155, 0, 0],
						"0.125": [12.38008, 0, 0],
						"0.1667": [16.068, 0, 0],
						"0.2083": [19.36564, 0, 0],
						"0.25": [22.13582, 0, 0],
						"0.2917": [24.15648, 0, 0],
						"0.3333": {
							"vector": [25, 0, 0]
						},
						"0.375": [24.42276, 0, 0],
						"0.4167": [22.8658, 0, 0],
						"0.4583": [20.5256, 0, 0],
						"0.5": [17.54039, 0, 0],
						"0.5417": [14.01224, 0, 0],
						"0.5833": [10.01869, 0, 0],
						"0.625": [5.62128, 0, 0],
						"0.6667": {
							"vector": [0.87, 0, 0]
						},
						"0.7083": [-3.66964, 0, 0],
						"0.75": [-7.39457, 0, 0],
						"0.7917": [-10.23389, 0, 0],
						"0.8333": [-12.18521, 0, 0],
						"0.875": [-13.33902, 0, 0],
						"0.9167": [-13.87102, 0, 0],
						"0.9583": {
							"vector": [-14, 0, 0]
						},
						"1.0": [-13.66428, 0, 0],
						"1.0417": [-12.69959, 0, 0],
						"1.0833": [-11.16309, 0, 0],
						"1.125": [-9.10529, 0, 0],
						"1.1667": [-6.57136, 0, 0],
						"1.2083": [-3.60318, 0, 0],
						"1.25": {
							"vector": [-0.24, 0, 0]
						},
						"1.2917": [3.09827, 0, 0],
						"1.3333": [5.87797, 0, 0],
						"1.375": [7.92507, 0, 0],
						"1.4167": [9.20201, 0, 0],
						"1.4583": [9.83046, 0, 0],
						"1.5": {
							"vector": [10, 0, 0]
						},
						"1.5417": [9.62136, 0, 0],
						"1.5833": [8.66867, 0, 0],
						"1.625": [7.31964, 0, 0],
						"1.6667": [5.68519, 0, 0],
						"1.7083": [3.84889, 0, 0],
						"1.7917": {
							"vector": [0, 0, 0]
						},
						"1.8333": [-1.73789, 0, 0],
						"1.875": [-3.24009, 0, 0],
						"1.9167": [-4.27377, 0, 0],
						"1.9583": [-4.83325, 0, 0],
						"2.0": {
							"vector": [-5, 0, 0]
						},
						"2.0417": [-4.68864, 0, 0],
						"2.0833": [-4.01736, 0, 0],
						"2.2917": [0.67003, 0, 0],
						"2.3333": [1.51736, 0, 0],
						"2.375": [2.18864, 0, 0],
						"2.4167": {
							"vector": [2.5, 0, 0]
						},
						"2.4583": [2.32345, 0, 0],
						"2.5": [1.89541, 0, 0],
						"2.6667": [-0.52041, 0, 0],
						"2.7083": [-0.94845, 0, 0],
						"2.75": {
							"vector": [-1.125, 0, 0]
						},
						"2.7917": [-1.02766, 0, 0],
						"2.8333": [-0.73754, 0, 0],
						"2.9167": [0.11254, 0, 0],
						"2.9583": [0.40266, 0, 0],
						"3.0": {
							"vector": [0.5, 0, 0]
						},
						"3.0417": [0.45508, 0, 0],
						"3.2083": [-0.20508, 0, 0],
						"3.25": {
							"vector": [-0.25, 0, 0]
						},
						"3.2917": [-0.23503, 0, 0],
						"3.5": {
							"vector": [0, 0, 0]
						}
					},
					"position": {
						"0.0": {
							"vector": [0, 0, 0]
						},
						"3.1667": {
							"vector": [0, 0, 0]
						}
					}
				},
				"ball": {
					"rotation": {
						"0.0": {
							"post": {
								"vector": [0, 0, 0]
							},
							"lerp_mode": "catmullrom"
						},
						"0.0417": [-0.95805, 0, 0],
						"0.0833": [-4.7056, 0, 0],
						"0.125": {
							"vector": [0.5, 0, 0]
						},
						"0.1667": [7.17155, 0, 0],
						"0.2083": [14.32914, 0, 0],
						"0.25": [21.28804, 0, 0],
						"0.2917": [27.55032, 0, 0],
						"0.3333": [32.67041, 0, 0],
						"0.375": [36.17645, 0, 0],
						"0.4167": {
							"vector": [37.5, 0, 0]
						},
						"0.4583": [36.4693, 0, 0],
						"0.5": [33.38012, 0, 0],
						"0.5417": [28.25145, 0, 0],
						"0.5833": [21.13533, 0, 0],
						"0.625": [12.14081, 0, 0],
						"0.6667": {
							"vector": [1.48, 0, 0]
						},
						"0.7083": [-7.78761, 0, 0],
						"0.75": [-14.43278, 0, 0],
						"0.7917": [-19.48498, 0, 0],
						"0.8333": [-23.32832, 0, 0],
						"0.875": [-26.11546, 0, 0],
						"0.9167": [-27.87025, 0, 0],
						"0.9583": {
							"vector": [-28.5, 0, 0]
						},
						"1.0": [-27.84114, 0, 0],
						"1.0417": [-25.9102, 0, 0],
						"1.0833": [-22.78048, 0, 0],
						"1.125": [-18.53329, 0, 0],
						"1.1667": [-13.25624, 0, 0],
						"1.2083": [-7.04459, 0, 0],
						"1.25": {
							"vector": [0, 0, 0]
						},
						"1.2917": [6.9227, 0, 0],
						"1.3333": [12.53935, 0, 0],
						"1.375": [16.48891, 0, 0],
						"1.4167": [18.76488, 0, 0],
						"1.4583": [19.7639, 0, 0],
						"1.5": {
							"vector": [20, 0, 0]
						},
						"1.5417": [19.45367, 0, 0],
						"1.5833": [17.909, 0, 0],
						"1.625": [15.50328, 0, 0],
						"1.6667": [12.37119, 0, 0],
						"1.7083": [8.64854, 0, 0],
						"1.75": [4.47517, 0, 0],
						"1.7917": {
							"vector": [0, 0, 0]
						},
						"1.8333": [-4.5654, 0, 0],
						"1.875": [-8.68701, 0, 0],
						"1.9167": [-11.3092, 0, 0],
						"1.9583": [-12.3029, 0, 0],
						"2.0": {
							"vector": [-12.5, 0, 0]
						},
						"2.0417": [-11.66972, 0, 0],
						"2.0833": [-9.87962, 0, 0],
						"2.125": [-7.62007, 0, 0],
						"2.1667": [-5.11429, 0, 0],
						"2.25": [0.11429, 0, 0],
						"2.2917": [2.62007, 0, 0],
						"2.3333": [4.87962, 0, 0],
						"2.375": [6.66972, 0, 0],
						"2.4167": {
							"vector": [7.5, 0, 0]
						},
						"2.4583": [7.05231, 0, 0],
						"2.5": [6.03561, 0, 0],
						"2.5417": [4.72078, 0, 0],
						"2.6667": [0.27922, 0, 0],
						"2.7083": [-1.03561, 0, 0],
						"2.75": [-2.05231, 0, 0],
						"2.7917": {
							"vector": [-2.5, 0, 0]
						},
						"2.8333": [-2.27538, 0, 0],
						"2.875": [-1.60587, 0, 0],
						"2.9583": [0.35587, 0, 0],
						"3.0": [1.02538, 0, 0],
						"3.0417": {
							"vector": [1.25, 0, 0]
						},
						"3.0833": [1.14518, 0, 0],
						"3.125": [0.83274, 0, 0],
						"3.2083": [-0.08274, 0, 0],
						"3.25": [-0.39518, 0, 0],
						"3.2917": {
							"vector": [-0.5, 0, 0]
						},
						"3.3333": [-0.46577, 0, 0],
						"3.5": {
							"vector": [0, 0, 0]
						}
					},
					"position": {
						"0.0": {
							"vector": [0, 0, 0]
						},
						"3.1667": {
							"vector": [0, 0, 0]
						}
					}
				}
			}
		}
	}
}