{
	"format_version": "1.8.0",
	"animations": {
		"copper_bell_1.swing_front": {
			"animation_length": 3.5,
			"override_previous_animation": true,
			"bones": {
				"bell": {
					"rotation": {
						"0.0": {
							"vector": [0, 0, 0]
						},
						"0.0417": [4.22502, 0, 0],
						"0.0833": [8.40162, 0, 0],
						"0.125": [12.38019, 0, 0],
						"0.1667": [16.06815, 0, 0],
						"0.2083": [19.36581, 0, 0],
						"0.25": [22.13599, 0, 0],
						"0.2917": [24.15659, 0, 0],
						"0.3333": {
							"vector": [25, 0, 0]
						},
						"0.375": [24.42277, 0, 0],
						"0.4167": [22.86586, 0, 0],
						"0.4583": [20.52574, 0, 0],
						"0.5": [17.54066, 0, 0],
						"0.5417": [14.01266, 0, 0],
						"0.5833": [10.01926, 0, 0],
						"0.625": [5.62198, 0, 0],
						"0.6667": {
							"vector": [0.87, 0, 0]
						},
						"0.7083": [-3.66967, 0, 0],
						"0.75": [-7.39466, 0, 0],
						"0.7917": [-10.23403, 0, 0],
						"0.8333": [-12.18535, 0, 0],
						"0.875": [-13.33912, 0, 0],
						"0.9167": [-13.87107, 0, 0],
						"0.9583": {
							"vector": [-14, 0, 0]
						},
						"1.0": [-13.66429, 0, 0],
						"1.0417": [-12.69961, 0, 0],
						"1.0833": [-11.16315, 0, 0],
						"1.125": [-9.10539, 0, 0],
						"1.1667": [-6.57153, 0, 0],
						"1.2083": [-3.60342, 0, 0],
						"1.25": {
							"vector": [-0.24, 0, 0]
						},
						"1.2917": [3.09827, 0, 0],
						"1.3333": [5.87797, 0, 0],
						"1.375": [7.92507, 0, 0],
						"1.4167": [9.20201, 0, 0],
						"1.4583": [9.83046, 0, 0],
						"1.5": {
							"vector": [10, 0, 0]
						},
						"1.5417": [9.62136, 0, 0],
						"1.5833": [8.66869, 0, 0],
						"1.625": [7.31968, 0, 0],
						"1.6667": [5.68526, 0, 0],
						"1.7083": [3.849, 0, 0],
						"1.7917": {
							"vector": [0, 0, 0]
						},
						"1.8333": [-1.73791, 0, 0],
						"1.875": [-3.24014, 0, 0],
						"1.9167": [-4.27382, 0, 0],
						"1.9583": [-4.83328, 0, 0],
						"2.0": {
							"vector": [-5, 0, 0]
						},
						"2.0417": [-4.68865, 0, 0],
						"2.0833": [-4.01737, 0, 0],
						"2.2917": [0.66997, 0, 0],
						"2.3333": [1.5173, 0, 0],
						"2.375": [2.1886, 0, 0],
						"2.4167": {
							"vector": [2.5, 0, 0]
						},
						"2.4583": [2.32345, 0, 0],
						"2.5": [1.8954, 0, 0],
						"2.6667": [-0.52044, 0, 0],
						"2.7083": [-0.94847, 0, 0],
						"2.75": {
							"vector": [-1.125, 0, 0]
						},
						"2.7917": [-1.02766, 0, 0],
						"2.8333": [-0.73754, 0, 0],
						"2.9167": [0.11254, 0, 0],
						"2.9583": [0.40266, 0, 0],
						"3.0": {
							"vector": [0.5, 0, 0]
						},
						"3.0417": [0.45508, 0, 0],
						"3.2083": [-0.20508, 0, 0],
						"3.25": {
							"vector": [-0.25, 0, 0]
						},
						"3.2917": [-0.23503, 0, 0],
						"3.5": {
							"vector": [0, 0, 0]
						}
					},
					"position": {
						"0.0": {
							"vector": [0, 0, 0]
						},
						"3.1667": {
							"vector": [0, 0, 0]
						}
					}
				},
				"ball": {
					"rotation": {
						"0.0": {
							"post": {
								"vector": [0, 0, 0]
							},
							"lerp_mode": "catmullrom"
						},
						"0.0417": [-0.95803, 0, 0],
						"0.0833": [-4.70567, 0, 0],
						"0.125": {
							"vector": [0.5, 0, 0]
						},
						"0.1667": [7.17167, 0, 0],
						"0.2083": [14.32921, 0, 0],
						"0.25": [21.28798, 0, 0],
						"0.2917": [27.55013, 0, 0],
						"0.3333": [32.67017, 0, 0],
						"0.375": [36.17626, 0, 0],
						"0.4167": {
							"vector": [37.5, 0, 0]
						},
						"0.4583": [36.46931, 0, 0],
						"0.5": [33.38019, 0, 0],
						"0.5417": [28.25165, 0, 0],
						"0.5833": [21.13567, 0, 0],
						"0.625": [12.14118, 0, 0],
						"0.6667": {
							"vector": [1.48, 0, 0]
						},
						"0.7083": [-7.78799, 0, 0],
						"0.75": [-14.43327, 0, 0],
						"0.7917": [-19.48547, 0, 0],
						"0.8333": [-23.32876, 0, 0],
						"0.875": [-26.1158, 0, 0],
						"0.9167": [-27.87044, 0, 0],
						"0.9583": {
							"vector": [-28.5, 0, 0]
						},
						"1.0": [-27.84115, 0, 0],
						"1.0417": [-25.91024, 0, 0],
						"1.0833": [-22.78059, 0, 0],
						"1.125": [-18.53352, 0, 0],
						"1.1667": [-13.25661, 0, 0],
						"1.2083": [-7.04509, 0, 0],
						"1.25": {
							"vector": [0, 0, 0]
						},
						"1.2917": [6.9227, 0, 0],
						"1.3333": [12.53935, 0, 0],
						"1.375": [16.48891, 0, 0],
						"1.4167": [18.76488, 0, 0],
						"1.4583": [19.7639, 0, 0],
						"1.5": {
							"vector": [20, 0, 0]
						},
						"1.5417": [19.45367, 0, 0],
						"1.5833": [17.90902, 0, 0],
						"1.625": [15.50335, 0, 0],
						"1.6667": [12.37134, 0, 0],
						"1.7083": [8.64877, 0, 0],
						"1.75": [4.47548, 0, 0],
						"1.7917": {
							"vector": [0, 0, 0]
						},
						"1.8333": [-4.56541, 0, 0],
						"1.875": [-8.68709, 0, 0],
						"1.9167": [-11.30929, 0, 0],
						"1.9583": [-12.30293, 0, 0],
						"2.0": {
							"vector": [-12.5, 0, 0]
						},
						"2.0417": [-11.66972, 0, 0],
						"2.0833": [-9.87964, 0, 0],
						"2.125": [-7.62012, 0, 0],
						"2.1667": [-5.11437, 0, 0],
						"2.25": [0.11416, 0, 0],
						"2.2917": [2.61993, 0, 0],
						"2.3333": [4.87947, 0, 0],
						"2.375": [6.66961, 0, 0],
						"2.4167": {
							"vector": [7.5, 0, 0]
						},
						"2.4583": [7.05231, 0, 0],
						"2.5": [6.03561, 0, 0],
						"2.5417": [4.72078, 0, 0],
						"2.6667": [0.27922, 0, 0],
						"2.7083": [-1.03561, 0, 0],
						"2.75": [-2.05231, 0, 0],
						"2.7917": {
							"vector": [-2.5, 0, 0]
						},
						"2.8333": [-2.27538, 0, 0],
						"2.875": [-1.60587, 0, 0],
						"2.9583": [0.35587, 0, 0],
						"3.0": [1.02538, 0, 0],
						"3.0417": {
							"vector": [1.25, 0, 0]
						},
						"3.0833": [1.14518, 0, 0],
						"3.125": [0.83274, 0, 0],
						"3.2083": [-0.08274, 0, 0],
						"3.25": [-0.39518, 0, 0],
						"3.2917": {
							"vector": [-0.5, 0, 0]
						},
						"3.3333": [-0.46577, 0, 0],
						"3.5": {
							"vector": [0, 0, 0]
						}
					},
					"position": {
						"0.0": {
							"vector": [0, 0, 0]
						},
						"3.1667": {
							"vector": [0, 0, 0]
						}
					}
				}
			}
		},
		"copper_bell_1.swing_back": {
			"animation_length": 3.5,
			"override_previous_animation": true,
			"bones": {
				"bell": {
					"rotation": {
						"0.0": {
							"vector": [0, 0, 0]
						},
						"0.0417": [-4.22502, 0, 0],
						"0.0833": [-8.40162, 0, 0],
						"0.125": [-12.38019, 0, 0],
						"0.1667": [-16.06815, 0, 0],
						"0.2083": [-19.36581, 0, 0],
						"0.25": [-22.13599, 0, 0],
						"0.2917": [-24.15659, 0, 0],
						"0.3333": {
							"vector": [-25, 0, 0]
						},
						"0.375": [-24.42277, 0, 0],
						"0.4167": [-22.86586, 0, 0],
						"0.4583": [-20.52574, 0, 0],
						"0.5": [-17.54066, 0, 0],
						"0.5417": [-14.01266, 0, 0],
						"0.5833": [-10.01926, 0, 0],
						"0.625": [-5.62198, 0, 0],
						"0.6667": {
							"vector": [-0.87, 0, 0]
						},
						"0.7083": [3.66967, 0, 0],
						"0.75": [7.39466, 0, 0],
						"0.7917": [10.23403, 0, 0],
						"0.8333": [12.18535, 0, 0],
						"0.875": [13.33912, 0, 0],
						"0.9167": [13.87107, 0, 0],
						"0.9583": {
							"vector": [14, 0, 0]
						},
						"1.0": [13.66429, 0, 0],
						"1.0417": [12.69961, 0, 0],
						"1.0833": [11.16315, 0, 0],
						"1.125": [9.10539, 0, 0],
						"1.1667": [6.57153, 0, 0],
						"1.2083": [3.60342, 0, 0],
						"1.25": {
							"vector": [0.24, 0, 0]
						},
						"1.2917": [-3.09827, 0, 0],
						"1.3333": [-5.87797, 0, 0],
						"1.375": [-7.92507, 0, 0],
						"1.4167": [-9.20201, 0, 0],
						"1.4583": [-9.83046, 0, 0],
						"1.5": {
							"vector": [-10, 0, 0]
						},
						"1.5417": [-9.62136, 0, 0],
						"1.5833": [-8.66869, 0, 0],
						"1.625": [-7.31968, 0, 0],
						"1.6667": [-5.68526, 0, 0],
						"1.7083": [-3.849, 0, 0],
						"1.7917": {
							"vector": [0, 0, 0]
						},
						"1.8333": [1.73791, 0, 0],
						"1.875": [3.24014, 0, 0],
						"1.9167": [4.27382, 0, 0],
						"1.9583": [4.83328, 0, 0],
						"2.0": {
							"vector": [5, 0, 0]
						},
						"2.0417": [4.68865, 0, 0],