{
	"format_version": "1.8.0",
	"animations": {
		"gold_bell_1.swing_front": {
			"animation_length": 2.8333,
			"override_previous_animation": true,
			"bones": {
				"bell": {
					"rotation": {
						"0.0": {
							"vector": [-0.87, 0, 0]
						},
						"0.0417": [3.36238, 0, 0],
						"0.0833": [6.38192, 0, 0],
						"0.125": [8.57416, 0, 0],
						"0.1667": [10.1392, 0, 0],
						"0.2083": [11.19206, 0, 0],
						"0.25": [11.80045, 0, 0],
						"0.2917": {
							"vector": [12, 0, 0]
						},
						"0.3333": [11.76931, 0, 0],
						"0.375": [11.07759, 0, 0],
						"0.4167": [9.91981, 0, 0],
						"0.4583": [8.28352, 0, 0],
						"0.5": [6.14758, 0, 0],
						"0.5417": [3.48102, 0, 0],
						"0.5833": {
							"vector": [0.24, 0, 0]
						},
						"0.625": [-3.09827, 0, 0],
						"0.6667": [-5.87797, 0, 0],
						"0.7083": [-7.92507, 0, 0],
						"0.75": [-9.20201, 0, 0],
						"0.7917": [-9.83046, 0, 0],
						"0.8333": {
							"vector": [-10, 0, 0]
						},
						"0.875": [-9.62136, 0, 0],
						"0.9167": [-8.66869, 0, 0],
						"0.9583": [-7.31968, 0, 0],
						"1.0": [-5.68526, 0, 0],
						"1.0417": [-3.849, 0, 0],
						"1.125": {
							"vector": [0, 0, 0]
						},
						"1.1667": [1.73791, 0, 0],
						"1.2083": [3.24014, 0, 0],
						"1.25": [4.27382, 0, 0],
						"1.2917": [4.83328, 0, 0],
						"1.3333": {
							"vector": [5, 0, 0]
						},
						"1.375": [4.68865, 0, 0],
						"1.4167": [4.01737, 0, 0],
						"1.625": [-0.66997, 0, 0],
						"1.6667": [-1.5173, 0, 0],
						"1.7083": [-2.1886, 0, 0],
						"1.75": {
							"vector": [-2.5, 0, 0]
						},
						"1.7917": [-2.32345, 0, 0],
						"1.8333": [-1.8954, 0, 0],
						"2.0": [0.52044, 0, 0],
						"2.0417": [0.94847, 0, 0],
						"2.0833": {
							"vector": [1.125, 0, 0]
						},
						"2.125": [1.02766, 0, 0],
						"2.1667": [0.73754, 0, 0],
						"2.25": [-0.11254, 0, 0],
						"2.2917": [-0.40266, 0, 0],
						"2.3333": {
							"vector": [-0.5, 0, 0]
						},
						"2.375": [-0.45508, 0, 0],
						"2.5417": [0.20508, 0, 0],
						"2.5833": {
							"vector": [0.25, 0, 0]
						},
						"2.625": [0.23503, 0, 0],
						"2.8333": {
							"vector": [0, 0, 0]
						}
					},
					"position": {
						"0.0": {
							"vector": [0, 0, 0]
						},
						"2.8333": {
							"vector": [0, 0, 0]
						}
					}
				}
			}
		},
		"gold_bell_1.swing_back": {
			"animation_length": 2.8333,
			"override_previous_animation": true,
			"bones": {
				"bell": {
					"rotation": {
						"0.0": {
							"vector": [0.87, 0, 0]
						},
						"0.0417": [-3.36238, 0, 0],
						"0.0833": [-6.38192, 0, 0],
						"0.125": [-8.57416, 0, 0],
						"0.1667": [-10.1392, 0, 0],
						"0.2083": [-11.19206, 0, 0],
						"0.25": [-11.80045, 0, 0],
						"0.2917": {
							"vector": [-12, 0, 0]
						},
						"0.3333": [-11.76931, 0, 0],
						"0.375": [-11.07759, 0, 0],
						"0.4167": [-9.91981, 0, 0],
						"0.4583": [-8.28352, 0, 0],
						"0.5": [-6.14758, 0, 0],
						"0.5417": [-3.48102, 0, 0],
						"0.5833": {
							"vector": [-0.24, 0, 0]
						},
						"0.625": [3.09827, 0, 0],
						"0.6667": [5.87797, 0, 0],
						"0.7083": [7.92507, 0, 0],
						"0.75": [9.20201, 0, 0],
						"0.7917": [9.83046, 0, 0],
						"0.8333": {
							"vector": [10, 0, 0]
						},
						"0.875": [9.62136, 0, 0],
						"0.9167": [8.66869, 0, 0],
						"0.9583": [7.31968, 0, 0],
						"1.0": [5.68526, 0, 0],
						"1.0417": [3.849, 0, 0],
						"1.125": {
							"vector": [0, 0, 0]
						},
						"1.1667": [-1.73791, 0, 0],
						"1.2083": [-3.24014, 0, 0],
						"1.25": [-4.27382, 0, 0],
						"1.2917": [-4.83328, 0, 0],
						"1.3333": {
							"vector": [-5, 0, 0]
						},
						"1.375": [-4.68865, 0, 0],
						"1.4167": [-4.01737, 0, 0],
						"1.625": [0.66997, 0, 0],
						"1.6667": [1.5173, 0, 0],
						"1.7083": [2.1886, 0, 0],
						"1.75": {
							"vector": [2.5, 0, 0]
						},
						"1.7917": [2.32345, 0, 0],
						"1.8333": [1.8954, 0, 0],
						"2.0": [-0.52044, 0, 0],
						"2.0417": [-0.94847, 0, 0],
						"2.0833": {
							"vector": [-1.125, 0, 0]
						},
						"2.125": [-1.02766, 0, 0],
						"2.1667": [-0.73754, 0, 0],
						"2.25": [0.11254, 0, 0],
						"2.2917": [0.40266, 0, 0],
						"2.3333": {
							"vector": [0.5, 0, 0]
						},
						"2.375": [0.45508, 0, 0],
						"2.5417": [-0.20508, 0, 0],
						"2.5833": {
							"vector": [-0.25, 0, 0]
						},
						"2.625": [-0.23503, 0, 0],
						"2.8333": {
							"vector": [0, 0, 0]
						}
					},
					"position": {
						"0.0": {
							"vector": [0, 0, 0]
						},
						"2.8333": {
							"vector": [0, 0, 0]
						}
					}
				}
			}
		}
	}
}